episode,steps,completed,completion_steps,termination_reason,progress_percent,avg_lateral,std_lateral,max_lateral,avg_course,std_course,max_course,avg_tilt,std_tilt,max_tilt,avg_velocity,avg_action_change,reward
1,714,0,0,heading_error,44.53,0.574865,0.732155,2.904414,0.134782,0.188266,1.029706,0.036731,0.052005,0.298108,3.78,0.249329,5655.95
2,856,0,0,tilt_error,73.00,0.381276,0.546040,2.410666,0.120760,0.152122,0.629952,0.040795,0.050702,0.360595,3.79,0.032746,10637.83
3,663,0,0,tilt_error,39.69,0.245446,0.343626,2.287078,0.114573,0.144741,0.592883,0.039331,0.053936,0.349692,3.78,0.023058,10136.96
4,469,0,0,tilt_error,2.47,0.268578,0.479334,2.267547,0.110377,0.182929,0.668413,0.033834,0.059573,0.364460,3.75,0.022401,7470.05
5,464,0,0,tilt_error,1.89,0.231428,0.421728,2.263978,0.096600,0.159688,0.545897,0.031010,0.056524,0.350165,3.76,0.022916,7705.79
6,465,0,0,tilt_error,1.75,0.192445,0.372079,2.282224,0.088105,0.145336,0.548561,0.030634,0.057188,0.370943,3.76,0.022268,8380.56
7,445,0,0,tilt_error,0.59,0.339783,0.552650,2.156997,0.063569,0.127988,0.610291,0.030658,0.060156,0.358436,3.74,0.036404,6947.68
8,504,0,0,tilt_error,5.59,0.297905,0.469676,2.146975,0.089017,0.147594,0.546954,0.034759,0.059481,0.371422,3.76,0.035395,7014.77
9,723,0,0,heading_error,48.75,0.360625,0.426758,2.319457,0.086606,0.144555,1.032028,0.033115,0.037360,0.173824,3.80,0.036799,8727.88
10,726,0,0,heading_error,49.12,0.356931,0.427255,2.405743,0.094054,0.152176,1.040140,0.035039,0.042219,0.175403,3.79,0.035857,8745.95
11,476,0,0,tilt_error,3.62,0.253956,0.401379,2.201441,0.110946,0.180795,0.657549,0.033224,0.057952,0.356697,3.75,0.036362,7568.58
12,450,0,0,heading_error,4.26,0.233860,0.433338,2.407682,0.118595,0.217012,1.037379,0.025761,0.042801,0.172281,3.75,0.038137,7618.19
13,485,0,0,tilt_error,4.29,0.368759,0.663057,2.537256,0.147488,0.243011,0.949657,0.036184,0.061507,0.350562,3.75,0.040311,6827.33
14,485,0,0,tilt_error,4.06,0.340419,0.594020,2.312535,0.138340,0.225648,0.860174,0.035815,0.061720,0.372436,3.75,0.042651,6978.87
15,475,0,0,tilt_error,2.85,0.239243,0.404465,2.269385,0.108182,0.172839,0.602833,0.030631,0.056038,0.352015,3.76,0.060460,7682.62
16,758,0,0,tilt_error,54.83,0.360061,0.507105,2.536671,0.106872,0.159049,0.852166,0.039143,0.053205,0.354702,3.78,0.059231,9881.07
17,760,0,0,tilt_error,55.18,0.353181,0.519683,2.739086,0.110750,0.158414,0.837068,0.039713,0.053158,0.364063,3.78,0.059342,10132.63
18,758,0,0,tilt_error,54.77,0.406102,0.518131,2.301370,0.134700,0.169113,0.751896,0.045129,0.056194,0.368157,3.77,0.065480,7791.85
19,760,0,0,tilt_error,54.60,0.452288,0.578360,2.420483,0.149966,0.182138,0.811189,0.048281,0.058195,0.353195,3.76,0.069105,7178.54
20,1626,0,0,tilt_error,83.04,0.462900,0.471786,2.229699,0.154330,0.148282,0.630735,0.054350,0.048726,0.366259,3.79,0.055936,11259.66
21,1230,0,0,tilt_error,82.54,0.346876,0.444016,2.238942,0.129329,0.131835,0.591792,0.049299,0.051332,0.360913,3.79,0.058206,14479.97
22,1215,0,0,tilt_error,82.67,0.315562,0.411617,2.229507,0.109230,0.115630,0.521626,0.042947,0.045746,0.364414,3.80,0.055224,15379.57
23,1312,0,0,tilt_error,82.68,0.280559,0.359408,2.339380,0.120482,0.124979,0.555588,0.046629,0.049597,0.364546,3.80,0.051047,17834.10
24,1314,0,0,tilt_error,82.61,0.282889,0.357923,2.292586,0.122275,0.129923,0.590858,0.047442,0.049138,0.370008,3.79,0.051973,17605.51
25,1318,0,0,tilt_error,82.58,0.306889,0.414477,2.299078,0.122751,0.148790,0.745179,0.046132,0.049115,0.362353,3.80,0.044146,17389.13
26,488,0,0,tilt_error,6.10,0.315209,0.552305,2.301378,0.136859,0.246581,0.826087,0.036574,0.063685,0.368991,3.74,0.053439,6673.41
27,489,0,0,tilt_error,6.07,0.374611,0.566604,2.291182,0.156921,0.245112,0.844694,0.039649,0.062265,0.365343,3.75,0.044931,6639.65
28,458,0,0,heading_error,7.55,0.316166,0.558115,2.435922,0.138867,0.247638,1.034537,0.034742,0.056738,0.225255,3.74,0.044619,7130.70
29,489,0,0,tilt_error,6.44,0.390940,0.596378,2.288882,0.162475,0.259854,0.923957,0.040430,0.063421,0.359271,3.74,0.041861,6433.32
30,490,0,0,tilt_error,6.21,0.384345,0.586920,2.290338,0.159128,0.252673,0.895845,0.041173,0.064316,0.375696,3.74,0.042561,6589.41
31,458,0,0,heading_error,7.98,0.326596,0.578521,2.433016,0.139460,0.254276,1.040001,0.036285,0.060512,0.278007,3.73,0.041817,7092.50
32,485,0,0,tilt_error,5.91,0.357370,0.544660,2.294190,0.152985,0.245833,0.871083,0.039285,0.062218,0.350583,3.74,0.045978,6695.98
33,480,0,0,tilt_error,4.37,0.312595,0.405267,2.092815,0.133762,0.192420,0.707581,0.039670,0.059420,0.364722,3.75,0.047383,6546.25
34,478,0,0,tilt_error,4.18,0.307012,0.398207,2.097681,0.131739,0.187839,0.703498,0.039168,0.057853,0.350826,3.75,0.044774,6671.81
35,480,0,0,tilt_error,4.48,0.353055,0.450858,2.346968,0.146907,0.206132,0.724607,0.041918,0.058287,0.354207,3.74,0.046075,5825.57
36,482,0,0,tilt_error,4.45,0.336567,0.545566,2.426122,0.140943,0.222925,0.803555,0.037551,0.061891,0.364978,3.75,0.044729,6925.02
37,485,0,0,tilt_error,4.53,0.417849,0.742562,3.021536,0.149338,0.271330,1.038456,0.036983,0.064899,0.369446,3.74,0.059550,6744.15
38,487,0,0,tilt_error,3.67,0.482438,0.847295,3.527635,0.159129,0.265759,1.046966,0.038491,0.062633,0.355308,3.75,0.056309,6515.46
39,453,0,0,heading_error,4.25,0.329822,0.470011,2.375440,0.126914,0.214443,1.037913,0.033237,0.046409,0.174410,3.74,0.052388,6025.86
40,452,0,0,heading_error,3.40,0.288790,0.429649,2.371028,0.117063,0.206840,1.042577,0.028901,0.042607,0.172077,3.75,0.052460,6741.11
41,477,0,0,tilt_error,2.48,0.375883,0.566777,2.375288,0.123974,0.198854,0.742808,0.037502,0.059970,0.373100,3.75,0.055529,6159.07
42,472,0,0,tilt_error,2.12,0.313179,0.496228,2.403795,0.107347,0.181432,0.636129,0.033295,0.059836,0.371076,3.75,0.057542,7147.72
43,469,0,0,tilt_error,2.16,0.325591,0.483365,2.363615,0.107190,0.170441,0.591948,0.034334,0.059342,0.373247,3.75,0.056382,6448.69
44,467,0,0,tilt_error,5.42,0.408892,0.539457,2.371186,0.109089,0.168893,0.573109,0.036739,0.057941,0.360173,3.75,0.060607,5228.80
45,554,0,0,tilt_error,20.41,0.440948,0.542029,2.349854,0.142447,0.182203,0.679661,0.041702,0.057042,0.351222,3.76,0.064272,5468.31
46,557,0,0,tilt_error,21.19,0.410951,0.468918,2.415650,0.169637,0.159850,0.543135,0.055331,0.056617,0.363479,3.74,0.073939,5305.20
47,564,0,0,tilt_error,22.22,0.329503,0.446456,2.446098,0.116720,0.181945,0.722733,0.035062,0.058708,0.368513,3.77,0.053698,7905.54
48,554,0,0,tilt_error,22.36,0.426175,0.614456,2.500033,0.120926,0.200322,1.570000,0.037894,0.064436,0.363811,3.76,0.047750,7395.83
49,1,0,0,heading_error,10.42,0.778663,0.000000,0.778663,1.570000,0.000000,1.570000,0.002980,0.000000,0.002980,0.08,0.000000,-575.17
50,1,0,0,heading_error,9.37,0.602088,0.000000,0.602088,0.001993,0.000000,0.001993,0.001919,0.000000,0.001919,0.07,0.000000,-592.49
51,572,0,0,tilt_error,24.95,0.314792,0.379606,2.444300,0.112100,0.141426,0.523079,0.035446,0.058616,0.370721,3.77,0.054896,7888.88
52,496,0,0,tilt_error,7.60,0.450723,0.612547,2.919852,0.136502,0.149375,0.523466,0.038564,0.055719,0.364664,3.75,0.066045,5553.18
53,569,0,0,tilt_error,23.41,0.576381,0.785837,2.995716,0.165831,0.159181,0.554979,0.044706,0.057614,0.359967,3.75,0.071709,4845.47
54,906,0,0,tilt_error,78.77,0.371655,0.397915,2.130947,0.152313,0.163825,0.531195,0.050849,0.057704,0.357279,3.77,0.060375,10190.74
55,1919,0,0,heading_error,82.89,0.331598,0.347036,4.496497,0.130645,0.129895,0.533538,0.045477,0.041988,0.151867,3.81,0.060081,23072.39
56,1634,0,0,tilt_error,82.99,0.652183,0.845003,4.521812,0.175900,0.140354,0.716912,0.053603,0.047070,0.363281,3.80,0.066128,7465.99
57,1916,0,0,heading_error,82.95,0.391387,0.482052,2.589940,0.139441,0.123510,0.537111,0.046086,0.041926,0.165289,3.82,0.065039,19751.33
58,1064,0,0,tilt_error,83.36,0.423274,0.610013,3.295120,0.170127,0.185063,0.921669,0.053979,0.059711,0.364884,3.77,0.068455,11046.37
59,858,0,0,tilt_error,71.27,0.612028,0.817156,3.294314,0.181258,0.163140,0.635714,0.048995,0.056076,0.370100,3.78,0.074634,5763.69
60,778,0,0,heading_error,57.15,0.578899,0.716271,2.508185,0.169359,0.179792,1.022864,0.041739,0.048177,0.174079,3.78,0.078990,5397.97
61,778,0,0,tilt_error,57.16,0.396894,0.577934,2.561015,0.145648,0.198629,1.570000,0.043114,0.060145,0.368870,3.77,0.074354,9113.97
62,1,0,0,heading_error,8.53,0.505578,0.000000,0.505578,0.001993,0.000000,0.001993,0.003300,0.000000,0.003300,0.09,0.000000,-573.70
63,872,0,0,tilt_error,73.50,0.466800,0.561838,2.397707,0.182799,0.206064,1.570000,0.050319,0.058255,0.368247,3.77,0.068385,7582.84
64,1,0,0,heading_error,13.08,0.778663,0.000000,0.778663,1.570000,0.000000,1.570000,0.003300,0.000000,0.003300,0.09,0.000000,-573.15
65,1,0,0,heading_error,12.65,4.496497,0.000000,4.496497,0.001993,0.000000,0.001993,0.001533,0.000000,0.001533,0.06,0.000000,-592.54
66,790,0,0,heading_error,58.08,0.802238,1.130208,4.532855,0.189066,0.190112,1.017454,0.045931,0.049914,0.173358,3.78,0.065673,4474.85
67,48,0,0,heading_error,-5.98,2.665930,0.772747,3.360582,0.311950,0.318888,1.041706,0.106624,0.057255,0.165709,2.44,0.078743,-934.53
68,849,0,0,tilt_error,70.81,0.459146,0.505480,2.462602,0.156728,0.166541,0.659634,0.045346,0.054750,0.350509,3.78,0.078392,7308.61
69,1527,0,0,tilt_error,82.99,0.401866,0.429816,2.470594,0.141805,0.119532,0.518791,0.048778,0.046168,0.361558,3.81,0.070548,14877.97
70,1532,0,0,tilt_error,83.01,0.371626,0.400397,2.314985,0.128452,0.113149,0.523506,0.045531,0.046452,0.365977,3.81,0.064598,15493.83
71,1617,0,0,tilt_error,82.92,0.328444,0.369498,2.373328,0.124429,0.129900,0.614425,0.045933,0.046139,0.349938,3.81,0.063205,18632.41
72,1540,0,0,tilt_error,82.56,0.483375,0.518388,2.343726,0.124037,0.126601,0.621045,0.045035,0.043963,0.371410,3.81,0.068390,10774.32
73,1935,0,0,heading_error,82.50,0.461936,0.532973,2.187320,0.122002,0.121021,0.554703,0.041539,0.039736,0.143250,3.82,0.060410,16653.17
74,1524,0,0,tilt_error,82.74,0.438523,0.463131,2.347320,0.116308,0.123128,0.624289,0.043956,0.039374,0.350090,3.82,0.069002,12353.41
75,1524,0,0,tilt_error,82.77,0.456563,0.461836,2.335073,0.116642,0.124248,0.657790,0.044584,0.039224,0.369219,3.82,0.063515,11315.65
76,1531,0,0,tilt_error,82.70,0.461598,0.461826,4.496497,0.116171,0.128896,0.655100,0.045483,0.040009,0.362704,3.81,0.063852,11868.73
77,63,0,0,heading_error,-5.64,3.493627,1.164296,4.596402,0.395815,0.340234,1.044996,0.100027,0.039449,0.147453,2.86,0.121638,-1479.45
78,1542,0,0,tilt_error,82.71,0.586555,0.802005,4.593710,0.144382,0.160415,1.570000,0.048661,0.040358,0.353678,3.81,0.069622,9727.14
79,1,0,0,heading_error,18.02,0.374123,0.000000,0.374123,0.001993,0.000000,0.001993,0.003368,0.000000,0.003368,0.09,0.000000,-582.51
80,1534,0,0,tilt_error,82.74,0.428401,0.452116,2.175441,0.124727,0.132513,0.624778,0.046734,0.043817,0.350195,3.81,0.065636,13146.27
81,1925,0,0,heading_error,82.65,0.384558,0.417601,2.352906,0.115689,0.127295,1.570000,0.042594,0.038885,0.169546,3.82,0.065702,18822.88
82,1,0,0,heading_error,18.01,3.861687,0.000000,3.861687,0.001993,0.000000,0.001993,0.000274,0.000000,0.000274,0.06,0.000000,-591.91
83,1928,0,0,heading_error,82.67,0.410447,0.639744,3.931749,0.140235,0.143036,0.691615,0.047693,0.041347,0.155309,3.81,0.068605,21839.98
84,1918,0,0,heading_error,82.63,0.380139,0.491535,2.827215,0.134018,0.133693,0.557250,0.047167,0.041440,0.159477,3.82,0.071682,21977.76
85,1317,0,0,tilt_error,82.64,0.426531,0.589481,3.186148,0.154806,0.180327,1.042867,0.050227,0.051436,0.359449,3.79,0.072380,13440.22
86,1224,0,0,tilt_error,82.73,0.360818,0.462503,2.624775,0.123253,0.128213,0.581723,0.045306,0.047699,0.365792,3.80,0.074764,14428.92
87,1220,0,0,tilt_error,82.72,0.395904,0.557889,2.633244,0.132757,0.135437,0.602387,0.046119,0.046289,0.371021,3.80,0.081078,13982.90
88,1217,0,0,tilt_error,82.72,0.354876,0.465976,2.191011,0.125663,0.127302,0.579431,0.044176,0.046952,0.366842,3.80,0.078248,14665.79
89,1222,0,0,tilt_error,82.70,0.337113,0.438341,2.139969,0.131113,0.131124,0.597254,0.046259,0.047299,0.354553,3.79,0.082338,15018.63
90,1225,0,0,tilt_error,82.67,0.291552,0.371628,2.132001,0.119905,0.129860,0.588652,0.044413,0.048955,0.363869,3.80,0.075979,16847.00
91,1915,0,0,heading_error,82.62,0.298529,0.353547,3.031936,0.126020,0.128013,0.578805,0.045123,0.041892,0.164504,3.81,0.070129,24841.17
92,1920,0,0,heading_error,82.61,0.368744,0.496512,3.130524,0.131593,0.127302,0.609526,0.046394,0.038666,0.155373,3.81,0.076088,22266.14
93,1915,0,0,heading_error,82.58,0.316870,0.343894,2.361365,0.117180,0.114731,0.600201,0.045070,0.036903,0.154425,3.82,0.073518,23536.56
94,1911,0,0,heading_error,82.72,0.345437,0.371646,2.412127,0.113730,0.107348,0.550036,0.044552,0.032813,0.152290,3.83,0.068158,23046.88
95,1908,0,0,heading_error,82.69,0.305401,0.302365,2.406916,0.103512,0.100939,0.524675,0.042387,0.031798,0.147194,3.83,0.067553,25063.87
96,1909,0,0,heading_error,82.70,0.313295,0.301830,2.135587,0.105639,0.103343,0.547198,0.043049,0.032863,0.152222,3.83,0.072153,25151.33
97,1905,0,0,heading_error,82.69,0.270620,0.304561,2.366867,0.101294,0.114579,1.570000,0.041425,0.034389,0.159149,3.83,0.063645,28028.68
98,1,0,0,heading_error,14.50,4.326042,0.000000,4.326042,0.001993,0.000000,0.001993,0.000311,0.000000,0.000311,0.06,0.000000,-592.13
99,32,0,0,tilt_error,-15.43,4.142515,0.628263,4.458197,0.123588,0.106218,0.427568,0.159561,0.104461,0.369285,1.93,0.055612,-809.96
100,1906,0,0,heading_error,82.69,0.292418,0.315552,2.654586,0.109220,0.108967,0.527590,0.043722,0.034450,0.156813,3.83,0.065880,27046.23
101,45,0,0,tilt_error,-5.03,2.175858,0.649654,2.750443,0.272091,0.295886,1.000096,0.163206,0.097281,0.369808,2.22,0.086723,-878.04
102,1909,0,0,heading_error,82.68,0.294265,0.326318,2.320743,0.110408,0.112548,0.531195,0.044283,0.036139,0.159229,3.82,0.068440,26708.93
103,1911,0,0,heading_error,82.68,0.300256,0.386991,3.213284,0.127856,0.129332,0.591949,0.046469,0.038991,0.157683,3.82,0.073086,26745.78
104,1914,0,0,heading_error,82.66,0.341444,0.495034,3.338273,0.128913,0.138217,0.719437,0.046713,0.037981,0.156964,3.82,0.072361,25811.78
105,1908,0,0,heading_error,82.79,0.297680,0.326654,2.317434,0.113542,0.108071,0.551645,0.044357,0.034536,0.157375,3.82,0.072812,26064.10
106,1920,0,0,heading_error,82.71,0.353282,0.382106,2.117174,0.120649,0.120277,0.581773,0.044698,0.035206,0.154323,3.82,0.079476,23089.78
107,1907,0,0,heading_error,82.86,0.277661,0.309224,2.367749,0.108468,0.112478,1.570000,0.043286,0.035335,0.156742,3.82,0.070861,27698.13
108,1,0,0,heading_error,8.43,0.778663,0.000000,0.778663,1.570000,0.000000,1.570000,0.000304,0.000000,0.000304,0.06,0.000000,-592.35
109,1,0,0,heading_error,16.48,1.066077,0.000000,1.066077,0.001993,0.000000,0.001993,0.000104,0.000000,0.000104,0.06,0.000000,-592.06
110,1910,0,0,heading_error,82.70,0.290458,0.327092,2.304427,0.111358,0.113591,0.562486,0.044711,0.035498,0.158753,3.82,0.071083,26956.69
111,1905,0,0,heading_error,82.68,0.281316,0.303415,2.223234,0.110428,0.113480,1.570000,0.043381,0.034938,0.156185,3.82,0.065999,27504.33
112,1,0,0,heading_error,10.41,2.245148,0.000000,2.245148,0.001993,0.000000,0.001993,0.000292,0.000000,0.000292,0.06,0.000000,-592.32
113,1908,0,0,heading_error,82.68,0.305799,0.407216,2.346960,0.114511,0.123646,0.671352,0.044941,0.036561,0.159125,3.82,0.065854,27630.45
114,1905,0,0,heading_error,82.61,0.275301,0.333059,2.426963,0.115082,0.116342,1.570000,0.045297,0.034828,0.157311,3.82,0.065387,28244.07
115,1,0,0,heading_error,15.64,0.778663,0.000000,0.778663,1.570000,0.000000,1.570000,0.000361,0.000000,0.000361,0.06,0.000000,-592.06
116,1,0,0,heading_error,14.51,2.051187,0.000000,2.051187,0.001993,0.000000,0.001993,0.000072,0.000000,0.000072,0.06,0.000000,-592.49
117,1906,0,0,heading_error,82.59,0.283219,0.369379,2.333850,0.114474,0.113273,0.527590,0.044471,0.034795,0.148036,3.82,0.070187,28263.29
118,1905,0,0,heading_error,82.68,0.275358,0.299399,2.354557,0.112437,0.103042,0.525915,0.045001,0.031581,0.138539,3.82,0.065111,28409.83
119,1907,0,0,heading_error,82.77,0.286630,0.307170,2.992676,0.114898,0.102145,0.511193,0.045225,0.031396,0.132855,3.82,0.069876,26701.39
120,1911,0,0,heading_error,82.89,0.311781,0.461682,3.872823,0.124309,0.115027,0.533642,0.045002,0.034760,0.119418,3.82,0.071480,26449.32
121,1912,0,0,heading_error,82.63,0.351373,0.587313,4.007267,0.123223,0.127216,1.570000,0.045210,0.034175,0.140176,3.82,0.072017,26086.82
122,1,0,0,heading_error,9.95,0.959035,0.000000,0.959035,0.001993,0.000000,0.001993,0.000289,0.000000,0.000289,0.06,0.000000,-592.33
123,1908,0,0,heading_error,82.55,0.271093,0.324209,2.404496,0.116574,0.113459,0.548943,0.044258,0.036691,0.143554,3.82,0.072084,27393.80
124,1901,0,0,heading_error,82.55,0.258681,0.297628,2.824552,0.108776,0.107395,0.523624,0.042334,0.034193,0.147022,3.82,0.073991,28483.49
125,1911,0,0,heading_error,82.61,0.326469,0.458238,2.927917,0.126838,0.125757,1.570000,0.044889,0.036409,0.151446,3.82,0.074776,25294.97
126,1,0,0,heading_error,16.32,3.651105,0.000000,3.651105,0.001993,0.000000,0.001993,0.000302,0.000000,0.000302,0.06,0.000000,-592.01
127,1909,0,0,heading_error,82.63,0.349161,0.547161,3.782499,0.127114,0.118819,0.566292,0.045411,0.032645,0.137822,3.82,0.076259,25556.62
128,1913,0,0,heading_error,82.68,0.324580,0.442260,2.654168,0.129191,0.120670,0.543453,0.045915,0.036443,0.141625,3.81,0.077298,25222.09
129,1907,0,0,heading_error,82.65,0.278409,0.337722,2.234089,0.120383,0.122687,1.570000,0.044943,0.038207,0.151994,3.82,0.076749,26795.45
130,1,0,0,heading_error,16.37,0.568285,0.000000,0.568285,0.001993,0.000000,0.001993,0.000222,0.000000,0.000222,0.06,0.000000,-592.02
131,1901,0,0,heading_error,82.59,0.249052,0.288522,2.208841,0.113153,0.116905,1.570000,0.043181,0.037144,0.149627,3.82,0.074386,29021.82
132,1,0,0,heading_error,18.01,4.496497,0.000000,4.496497,0.001993,0.000000,0.001993,0.000280,0.000000,0.000280,0.06,0.000000,-591.92
133,1911,0,0,heading_error,82.57,0.368822,0.687758,4.618750,0.131366,0.137038,1.570000,0.045987,0.037032,0.155600,3.82,0.079425,26123.58
134,1,0,0,heading_error,15.65,4.496497,0.000000,4.496497,0.001993,0.000000,0.001993,0.000265,0.000000,0.000265,0.06,0.000000,-592.08
135,1910,0,0,heading_error,82.57,0.359877,0.680064,4.618406,0.122419,0.133623,1.570000,0.045139,0.034861,0.151501,3.82,0.078839,27438.75
136,1,0,0,heading_error,9.26,0.078750,0.000000,0.078750,0.001993,0.000000,0.001993,0.000322,0.000000,0.000322,0.06,0.000000,-592.33
137,1900,0,0,heading_error,82.65,0.241907,0.282606,2.390744,0.101551,0.105419,0.583907,0.042216,0.033324,0.143541,3.83,0.073590,30522.53
138,1907,0,0,heading_error,82.63,0.260515,0.297926,2.407719,0.115935,0.109468,0.636244,0.046341,0.033692,0.142062,3.82,0.079451,28173.85
139,1904,0,0,heading_error,82.61,0.268188,0.276776,2.361687,0.109710,0.103222,0.569833,0.044793,0.032874,0.154651,3.82,0.085566,27700.30
140,1911,0,0,heading_error,82.69,0.277169,0.317052,2.355792,0.117634,0.110762,0.549067,0.046592,0.035315,0.157376,3.81,0.085565,26925.77
141,1907,0,0,heading_error,82.75,0.277943,0.301330,4.496497,0.112420,0.104316,0.588311,0.045846,0.033002,0.149002,3.82,0.083553,27656.76
142,1918,0,0,heading_error,82.73,0.393688,0.706633,4.599990,0.129468,0.136479,0.688349,0.047099,0.035704,0.154304,3.82,0.093568,25273.04
143,1905,0,0,heading_error,82.64,0.253220,0.281844,2.305447,0.113023,0.108959,0.572930,0.044477,0.035937,0.153023,3.82,0.085023,28550.60
144,1906,0,0,heading_error,82.59,0.262137,0.295873,2.385823,0.121071,0.112618,0.578379,0.045950,0.037210,0.153344,3.82,0.091052,27558.27
145,1902,0,0,heading_error,82.59,0.248752,0.285185,2.174930,0.108063,0.114667,0.564606,0.041065,0.038729,0.156831,3.82,0.084275,29549.30
146,1906,0,0,heading_error,82.59,0.284767,0.359073,3.691831,0.124202,0.125274,0.557613,0.044379,0.039541,0.159977,3.82,0.093456,27031.08
147,1912,0,0,heading_error,82.60,0.363148,0.584438,3.801509,0.139839,0.140984,0.652581,0.046704,0.040052,0.165457,3.81,0.097409,24168.99
148,1901,0,0,heading_error,82.50,0.243255,0.313107,2.357780,0.108173,0.122187,0.559961,0.041027,0.040388,0.160076,3.82,0.082188,29418.96
149,1901,0,0,heading_error,82.55,0.256554,0.316988,2.296627,0.113346,0.120681,1.570000,0.042183,0.038005,0.151383,3.82,0.082647,28315.98
150,1,0,0,heading_error,11.24,1.090387,0.000000,1.090387,0.001993,0.000000,0.001993,0.000280,0.000000,0.000280,0.06,0.000000,-592.28
151,1903,0,0,heading_error,82.52,0.284347,0.324960,2.355787,0.123276,0.116023,0.533622,0.045306,0.038419,0.150776,3.82,0.087116,26048.57
152,1904,0,0,heading_error,82.59,0.294629,0.328083,2.212687,0.123935,0.121568,0.545725,0.045559,0.039995,0.158537,3.82,0.093736,25595.37
153,1907,0,0,heading_error,82.58,0.340141,0.394906,2.396125,0.134562,0.126581,0.552323,0.048302,0.040221,0.160365,3.82,0.103771,23014.56
154,1906,0,0,heading_error,82.74,0.337906,0.381532,2.177472,0.135926,0.128474,0.548279,0.049103,0.040874,0.169341,3.81,0.105815,23155.59
155,1516,0,0,tilt_error,82.57,0.319277,0.353030,2.488795,0.113265,0.121629,0.531713,0.046525,0.045103,0.366560,3.81,0.089778,19871.16
156,1506,0,0,tilt_error,82.68,0.345882,0.388917,2.498707,0.124997,0.120279,0.537074,0.048507,0.041529,0.363809,3.81,0.094698,18089.32
157,1515,0,0,tilt_error,82.54,0.298401,0.337860,2.499227,0.110636,0.118051,0.521899,0.045061,0.044956,0.368031,3.81,0.083429,20930.87
158,1910,0,0,heading_error,82.62,0.300795,0.343100,2.413007,0.113063,0.105592,0.510609,0.044912,0.036295,0.143892,3.82,0.092708,25486.11
159,1917,0,0,heading_error,82.62,0.336303,0.426319,2.498047,0.124619,0.125215,1.570000,0.045118,0.038250,0.153203,3.81,0.085332,23911.30
160,1,0,0,heading_error,8.87,0.729145,0.000000,0.729145,0.001993,0.000000,0.001993,0.000352,0.000000,0.000352,0.06,0.000000,-592.39
161,1910,0,0,heading_error,82.52,0.284237,0.316452,2.113627,0.110833,0.112294,0.519274,0.042119,0.039371,0.147886,3.82,0.080838,26853.08
162,1902,0,0,heading_error,82.67,0.238237,0.305291,3.057851,0.106128,0.112434,0.562460,0.040464,0.038735,0.154547,3.82,0.074975,29699.98
163,1910,0,0,heading_error,82.58,0.325818,0.484680,3.158291,0.121827,0.123940,0.529558,0.043100,0.038935,0.151619,3.82,0.091396,26017.54
164,1903,0,0,heading_error,82.64,0.264327,0.299963,2.140850,0.110200,0.118004,1.570000,0.042345,0.037307,0.151280,3.82,0.089741,27795.36
165,1,0,0,heading_error,18.01,2.240324,0.000000,2.240324,0.001993,0.000000,0.001993,0.000284,0.000000,0.000284,0.06,0.000000,-591.93
166,1909,0,0,heading_error,82.76,0.310025,0.389966,2.325359,0.115841,0.122471,1.570000,0.044339,0.036303,0.149549,3.82,0.093326,26060.67
167,1,0,0,heading_error,11.92,1.476476,0.000000,1.476476,0.001993,0.000000,0.001993,0.000330,0.000000,0.000330,0.06,0.000000,-592.26
168,1904,0,0,heading_error,82.75,0.303213,0.330037,2.313627,0.106965,0.099099,0.519145,0.043305,0.031806,0.143331,3.83,0.080135,26191.43
169,1906,0,0,heading_error,82.85,0.271610,0.274101,2.306519,0.103700,0.105252,0.532775,0.041525,0.033895,0.145675,3.83,0.081892,27027.84
170,1910,0,0,heading_error,82.91,0.326850,0.308609,2.111653,0.107241,0.104958,0.521395,0.043374,0.033032,0.143061,3.82,0.085668,24234.45
171,1907,0,0,heading_error,82.89,0.292571,0.279643,2.165935,0.105687,0.104652,0.525302,0.042538,0.034033,0.143320,3.82,0.086553,25784.29
172,1903,0,0,heading_error,82.79,0.246471,0.278431,2.379374,0.103067,0.105079,0.515014,0.040970,0.034915,0.142937,3.83,0.082527,28895.39
173,1903,0,0,heading_error,82.63,0.247087,0.288736,2.342134,0.105075,0.104376,0.522401,0.041655,0.035369,0.143790,3.82,0.080939,28687.90
174,1902,0,0,heading_error,82.78,0.219940,0.267565,2.378070,0.101908,0.110857,0.544260,0.041204,0.036007,0.145327,3.82,0.085196,30518.96
175,1907,0,0,heading_error,82.80,0.268234,0.315392,2.343319,0.114301,0.114719,1.570000,0.043612,0.035255,0.147130,3.82,0.085341,27217.33
176,1,0,0,heading_error,10.62,0.496144,0.000000,0.496144,0.001993,0.000000,0.001993,0.000337,0.000000,0.000337,0.06,0.000000,-592.30
177,1902,0,0,heading_error,82.80,0.245869,0.258004,2.135758,0.105328,0.108141,1.570000,0.042174,0.034324,0.147958,3.82,0.078992,29205.20
178,1,0,0,heading_error,12.32,0.185760,0.000000,0.185760,0.001993,0.000000,0.001993,0.000298,0.000000,0.000298,0.06,0.000000,-592.23
179,1903,0,0,heading_error,82.88,0.242897,0.275706,2.375224,0.103530,0.108026,0.549381,0.041356,0.034843,0.149209,3.83,0.085185,29599.11
180,1904,0,0,heading_error,82.83,0.252274,0.292654,2.378221,0.106674,0.107119,0.520013,0.042396,0.035314,0.149814,3.82,0.080252,28423.99
181,1906,0,0,heading_error,82.86,0.282830,0.359400,2.353220,0.115889,0.115022,1.570000,0.043460,0.034898,0.150818,3.82,0.087733,27269.21
182,1,0,0,heading_error,13.16,0.574944,0.000000,0.574944,0.001993,0.000000,0.001993,0.000316,0.000000,0.000316,0.06,0.000000,-592.19
183,1900,0,0,heading_error,82.85,0.239532,0.286352,4.261218,0.102518,0.103349,0.509749,0.041424,0.034806,0.146717,3.83,0.078144,29612.59
184,1911,0,0,heading_error,82.86,0.339854,0.629873,4.389092,0.115983,0.128470,0.632762,0.043602,0.035025,0.142283,3.82,0.078671,27400.92
185,1905,0,0,heading_error,82.66,0.261897,0.309817,3.375986,0.100602,0.109009,0.526557,0.041386,0.035670,0.144345,3.82,0.081426,28776.22
186,1912,0,0,heading_error,82.66,0.336961,0.519276,3.503214,0.114974,0.120658,0.536820,0.044348,0.034749,0.140618,3.82,0.089439,26394.50
187,1911,0,0,heading_error,82.76,0.330389,0.465332,3.159752,0.109739,0.116295,0.529631,0.043854,0.034445,0.137796,3.82,0.086196,26571.05
188,1908,0,0,heading_error,82.81,0.299918,0.337765,2.182965,0.104641,0.105463,0.522083,0.043227,0.034060,0.141844,3.82,0.086185,26649.10
189,1908,0,0,heading_error,82.72,0.287054,0.300076,2.128839,0.100614,0.108166,0.536420,0.042183,0.036216,0.152104,3.82,0.089848,26955.80
190,1905,0,0,heading_error,83.05,0.277149,0.261332,2.334701,0.107172,0.098461,0.518145,0.042316,0.033379,0.149704,3.83,0.083545,26180.00
191,1905,0,0,heading_error,83.04,0.286805,0.283758,4.255209,0.108798,0.097381,0.522290,0.042979,0.033346,0.148659,3.83,0.089236,25682.06
192,1917,0,0,heading_error,82.87,0.378251,0.643295,4.376822,0.121574,0.135454,0.836842,0.044648,0.036765,0.152756,3.82,0.092447,24234.14
193,1910,0,0,heading_error,82.99,0.331706,0.351205,2.158842,0.111320,0.108800,0.622103,0.043454,0.036081,0.161397,3.82,0.098348,23853.15
194,1906,0,0,heading_error,82.58,0.275699,0.324013,2.375467,0.109077,0.113551,0.587496,0.042539,0.038331,0.160492,3.82,0.088679,26796.12
195,1907,0,0,heading_error,82.66,0.301512,0.360911,2.651201,0.113068,0.109422,0.579566,0.043131,0.036945,0.154149,3.82,0.084654,25609.30
196,1910,0,0,heading_error,82.60,0.317170,0.437014,2.785994,0.114770,0.116450,0.624799,0.044177,0.036161,0.148124,3.82,0.081554,26802.31
197,1909,0,0,heading_error,82.56,0.308344,0.442659,2.863931,0.116262,0.118861,0.719138,0.044444,0.035449,0.142619,3.82,0.080974,27474.78
198,1906,0,0,heading_error,82.71,0.268053,0.288009,2.353307,0.106387,0.106886,0.518424,0.042158,0.035235,0.143114,3.82,0.095785,27370.46
199,1911,0,0,heading_error,82.59,0.301110,0.360224,2.741070,0.111811,0.107688,0.543522,0.043422,0.034894,0.150054,3.82,0.088395,25002.61
200,1916,0,0,heading_error,82.53,0.343860,0.461612,2.808574,0.120808,0.116109,0.579185,0.045666,0.035200,0.150613,3.82,0.094264,24378.88
201,1919,0,0,heading_error,82.62,0.346870,0.433703,2.358374,0.121675,0.112329,0.534593,0.045721,0.035484,0.147851,3.82,0.098261,23102.55
202,1917,0,0,heading_error,82.62,0.337256,0.368399,2.157770,0.111568,0.110018,0.521505,0.044110,0.035152,0.144535,3.82,0.090861,23652.81
203,1911,0,0,heading_error,82.77,0.316498,0.373332,2.172098,0.117382,0.117768,0.554788,0.045153,0.037416,0.150164,3.82,0.102118,25182.59
204,1907,0,0,heading_error,82.71,0.290792,0.334957,2.344746,0.107976,0.116373,0.535605,0.043743,0.037123,0.161935,3.82,0.109166,26738.70
205,1907,0,0,heading_error,82.69,0.277276,0.303655,2.357846,0.111515,0.122953,1.570000,0.043804,0.038031,0.164942,3.82,0.115967,27615.87
206,1,0,0,heading_error,8.02,2.668134,0.000000,2.668134,0.001993,0.000000,0.001993,0.000262,0.000000,0.000262,0.06,0.000000,-592.39
207,1913,0,0,heading_error,82.71,0.335327,0.453088,2.729134,0.122982,0.132136,0.755163,0.046599,0.037472,0.161774,3.82,0.123655,25817.61
208,1905,0,0,heading_error,82.68,0.330955,0.335295,2.114447,0.111885,0.114938,0.573664,0.043026,0.036159,0.162111,3.83,0.115131,25620.72
209,1906,0,0,heading_error,82.88,0.318340,0.265850,2.071169,0.110566,0.120031,1.570000,0.042364,0.036511,0.167543,3.83,0.125938,25281.25
210,1,0,0,heading_error,9.33,0.080198,0.000000,0.080198,0.001993,0.000000,0.001993,0.000288,0.000000,0.000288,0.06,0.000000,-592.40
211,1906,0,0,heading_error,82.97,0.283838,0.281424,3.483174,0.106481,0.111150,0.523653,0.042378,0.035384,0.161020,3.83,0.107940,27049.73
212,1913,0,0,heading_error,82.94,0.385156,0.496861,3.597017,0.120646,0.127173,1.570000,0.044997,0.033982,0.159693,3.82,0.110576,24063.57
213,1,0,0,heading_error,11.59,1.508708,0.000000,1.508708,0.001993,0.000000,0.001993,0.000275,0.000000,0.000275,0.06,0.000000,-592.30
214,1906,0,0,heading_error,82.98,0.331681,0.293243,2.081744,0.111147,0.108023,1.570000,0.043384,0.032270,0.154866,3.83,0.069156,24440.88
215,1,0,0,heading_error,14.83,0.778663,0.000000,0.778663,1.570000,0.000000,1.570000,0.000294,0.000000,0.000294,0.06,0.000000,-592.12
216,1,0,0,heading_error,11.26,0.778663,0.000000,0.778663,1.570000,0.000000,1.570000,0.000112,0.000000,0.000112,0.06,0.000000,-592.34
217,1,0,0,heading_error,8.58,0.851950,0.000000,0.851950,0.001993,0.000000,0.001993,0.000214,0.000000,0.000214,0.06,0.000000,-592.39
218,1906,0,0,heading_error,82.93,0.314935,0.269900,2.333673,0.114703,0.099546,0.518393,0.044629,0.030507,0.150890,3.83,0.070699,24313.21
219,1909,0,0,heading_error,82.64,0.289953,0.297851,2.300611,0.117983,0.110180,1.570000,0.044926,0.033952,0.141342,3.82,0.082402,26366.53
220,1,0,0,heading_error,8.46,3.509837,0.000000,3.509837,0.001993,0.000000,0.001993,0.000253,0.000000,0.000253,0.06,0.000000,-592.40
221,1916,0,0,heading_error,82.70,0.360558,0.569226,3.605307,0.129560,0.128014,0.567838,0.045624,0.038313,0.147965,3.82,0.082323,24653.37
222,1910,0,0,heading_error,82.52,0.301827,0.374923,2.331232,0.115193,0.113363,0.562142,0.043845,0.037328,0.150924,3.82,0.077509,25664.16
223,1904,0,0,heading_error,82.58,0.273664,0.325825,2.332978,0.108154,0.108032,0.559414,0.043150,0.033814,0.148622,3.82,0.070355,27950.13
224,1907,0,0,heading_error,82.75,0.307426,0.323065,4.496497,0.118638,0.104882,0.533709,0.045080,0.032491,0.158412,3.83,0.082194,25997.56
225,1910,0,0,heading_error,82.80,0.358724,0.665775,4.619371,0.118852,0.124891,0.624269,0.043549,0.032582,0.141697,3.83,0.073708,27885.74
226,1901,0,0,heading_error,82.77,0.273389,0.307512,2.337369,0.106536,0.100639,0.527292,0.042590,0.031479,0.141244,3.83,0.076230,28372.34
227,1902,0,0,heading_error,82.85,0.280516,0.294338,2.322319,0.110144,0.097088,0.499939,0.043273,0.030974,0.132207,3.83,0.079996,27768.91
228,1897,0,0,heading_error,82.77,0.241750,0.267070,2.365381,0.101170,0.098531,0.527674,0.041075,0.031638,0.134181,3.83,0.079256,30408.17
229,1902,0,0,heading_error,82.78,0.297320,0.357117,2.381672,0.116384,0.101689,0.516904,0.044872,0.030310,0.134615,3.83,0.085326,27379.81
230,1903,0,0,heading_error,82.77,0.287547,0.373442,2.347725,0.111504,0.106664,0.524318,0.043906,0.031339,0.135926,3.83,0.078204,27953.53
231,1899,0,0,heading_error,82.78,0.254016,0.275517,2.340951,0.104078,0.105824,1.570000,0.041812,0.032424,0.141278,3.83,0.077646,29947.40
232,1,0,0,heading_error,9.24,1.846910,0.000000,1.846910,0.001993,0.000000,0.001993,0.000312,0.000000,0.000312,0.06,0.000000,-592.34
233,1901,0,0,heading_error,82.73,0.290752,0.350258,2.372752,0.110310,0.099611,0.516884,0.043620,0.031256,0.137556,3.83,0.080971,27451.91
234,1902,0,0,heading_error,82.75,0.286332,0.352267,2.306938,0.112305,0.102075,0.519546,0.044212,0.031794,0.145070,3.83,0.082875,27973.19
235,1899,0,0,heading_error,82.72,0.267365,0.282764,2.901951,0.111178,0.097611,0.508136,0.043834,0.031359,0.146836,3.83,0.078789,28835.29
236,1904,0,0,heading_error,82.73,0.307589,0.450706,2.998654,0.116966,0.111566,0.552605,0.044731,0.032479,0.148978,3.83,0.080906,28002.42
237,1902,0,0,heading_error,82.77,0.289911,0.354204,2.342447,0.114682,0.102880,0.533459,0.044270,0.032375,0.151884,3.83,0.079247,27454.15
238,1900,0,0,heading_error,82.83,0.260550,0.268187,2.368334,0.105070,0.102133,1.570000,0.042368,0.032839,0.151760,3.83,0.078125,29044.99
239,1,0,0,heading_error,14.72,3.046219,0.000000,3.046219,0.001993,0.000000,0.001993,0.000205,0.000000,0.000205,0.06,0.000000,-592.14
240,1912,0,0,heading_error,83.37,0.369205,0.472459,3.162036,0.115412,0.110335,0.529922,0.043873,0.032454,0.150515,3.83,0.118374,22483.49
241,1911,0,0,heading_error,83.40,0.364432,0.365680,2.343967,0.113146,0.105692,0.517656,0.043353,0.032461,0.153395,3.83,0.112068,20290.56
242,1907,0,0,heading_error,83.17,0.317466,0.272283,2.359907,0.111726,0.097192,0.528029,0.043257,0.031579,0.151425,3.83,0.100442,23096.60
243,1904,0,0,heading_error,83.09,0.292451,0.266179,2.365135,0.105154,0.103802,1.570000,0.041838,0.032770,0.153074,3.83,0.089310,25959.28
244,1,0,0,heading_error,10.83,1.255876,0.000000,1.255876,0.001993,0.000000,0.001993,0.000326,0.000000,0.000326,0.06,0.000000,-592.30
245,1907,0,0,heading_error,83.06,0.317791,0.306515,3.554314,0.111432,0.098803,0.527265,0.044102,0.031803,0.145576,3.83,0.096490,23529.96
246,1911,0,0,heading_error,83.03,0.360907,0.534733,4.496497,0.118654,0.120197,0.629710,0.044451,0.033607,0.148812,3.82,0.100491,24405.53
247,1915,0,0,heading_error,82.93,0.388783,0.642155,4.623810,0.128728,0.134325,1.570000,0.045370,0.033940,0.154630,3.82,0.098009,24054.83
248,1,0,0,heading_error,18.01,0.942248,0.000000,0.942248,0.001993,0.000000,0.001993,0.000224,0.000000,0.000224,0.06,0.000000,-591.93
249,1903,0,0,heading_error,82.93,0.287082,0.264762,2.120012,0.109507,0.099175,0.560705,0.043006,0.032037,0.150101,3.83,0.103196,25937.37
250,1903,0,0,heading_error,82.99,0.304749,0.278931,2.210797,0.109437,0.095385,0.486986,0.043297,0.031396,0.149785,3.83,0.097276,24996.52
251,1903,0,0,heading_error,83.15,0.299895,0.258716,2.275625,0.106641,0.090100,0.494644,0.042220,0.030646,0.142438,3.83,0.087716,24933.74
252,1906,0,0,heading_error,83.15,0.332029,0.319722,2.391824,0.114294,0.106766,1.570000,0.043438,0.032021,0.149338,3.83,0.095070,22365.77
253,1,0,0,heading_error,15.11,1.728780,0.000000,1.728780,0.001993,0.000000,0.001993,0.000287,0.000000,0.000287,0.06,0.000000,-592.09
254,1904,0,0,heading_error,83.00,0.312367,0.313773,2.177151,0.112625,0.104909,0.504821,0.043052,0.033398,0.152897,3.83,0.105355,24373.09
255,1901,0,0,heading_error,83.01,0.285159,0.280650,3.942976,0.107751,0.101407,0.511093,0.042243,0.032437,0.149904,3.83,0.104583,26451.50
256,1911,0,0,heading_error,82.85,0.367637,0.579124,4.077561,0.123915,0.127469,0.716589,0.045415,0.034461,0.150330,3.83,0.096641,25512.36
257,1903,0,0,heading_error,82.85,0.275273,0.265489,2.108132,0.109371,0.112007,1.570000,0.043368,0.034211,0.152926,3.83,0.089970,28314.51
258,1,0,0,heading_error,18.01,1.323537,0.000000,1.323537,0.001993,0.000000,0.001993,0.000345,0.000000,0.000345,0.06,0.000000,-591.93
259,1903,0,0,heading_error,82.82,0.284701,0.313936,3.139144,0.110879,0.110347,0.516558,0.043746,0.034968,0.153550,3.83,0.090804,27389.85
260,1908,0,0,heading_error,82.76,0.336188,0.477382,3.240029,0.121692,0.120839,0.613094,0.046422,0.034851,0.153006,3.82,0.098715,26280.35
261,1902,0,0,heading_error,82.72,0.258059,0.280141,2.350294,0.108633,0.107691,0.516161,0.043459,0.034331,0.145466,3.83,0.095193,29068.01
262,1901,0,0,heading_error,82.78,0.252158,0.275686,2.131961,0.108002,0.110767,0.554827,0.042892,0.035635,0.153217,3.83,0.100103,28746.63
263,1902,0,0,heading_error,82.65,0.267509,0.292675,2.366516,0.110495,0.113696,0.522968,0.043375,0.035781,0.155000,3.83,0.097300,27943.78
264,1907,0,0,heading_error,82.66,0.318978,0.345684,2.133897,0.126271,0.120756,1.570000,0.046699,0.035751,0.156808,3.82,0.152913,24348.19
265,1,0,0,heading_error,12.09,2.816080,0.000000,2.816080,0.001993,0.000000,0.001993,0.000390,0.000000,0.000390,0.06,0.000000,-592.24
266,1908,0,0,heading_error,82.69,0.332730,0.443710,2.909842,0.122326,0.125919,0.681175,0.045775,0.036602,0.154683,3.82,0.139881,24342.73
267,1900,0,0,heading_error,82.73,0.268803,0.289037,2.305659,0.106473,0.116273,0.536104,0.041275,0.036990,0.156022,3.83,0.151709,27495.27
268,1906,0,0,heading_error,82.66,0.306209,0.323882,2.313249,0.119320,0.117887,1.570000,0.044532,0.036543,0.150456,3.82,0.164462,24832.86
269,1,0,0,heading_error,18.01,1.121916,0.000000,1.121916,0.001993,0.000000,0.001993,0.000311,0.000000,0.000311,0.06,0.000000,-591.91
270,1902,0,0,heading_error,82.85,0.290700,0.322555,2.953529,0.109553,0.115409,0.539499,0.042245,0.037737,0.151306,3.83,0.139966,26900.96
271,1906,0,0,heading_error,82.76,0.329502,0.459590,3.059809,0.118825,0.127329,1.570000,0.043207,0.037876,0.151517,3.83,0.132700,25657.55
272,1,0,0,heading_error,18.01,0.233360,0.000000,0.233360,0.001993,0.000000,0.001993,0.000244,0.000000,0.000244,0.06,0.000000,-591.91
273,1904,0,0,heading_error,82.89,0.274233,0.285470,2.313001,0.107282,0.112408,0.548579,0.041535,0.036657,0.147538,3.83,0.148438,27077.35
274,1906,0,0,heading_error,82.89,0.277590,0.292487,2.377059,0.108085,0.112206,0.511747,0.041299,0.037390,0.144791,3.83,0.122806,26790.54
275,1902,0,0,heading_error,82.94,0.282059,0.275172,2.910063,0.108107,0.103625,0.524967,0.041581,0.033820,0.145852,3.83,0.107245,25966.19
276,1910,0,0,heading_error,82.82,0.352682,0.434245,3.012798,0.120235,0.115469,0.652505,0.044732,0.035145,0.150457,3.82,0.111039,23426.67
277,1913,0,0,heading_error,82.77,0.368114,0.445453,3.086815,0.123087,0.119243,0.647977,0.045207,0.036019,0.152909,3.82,0.127830,22216.15
278,1905,0,0,heading_error,82.89,0.306893,0.292747,2.336759,0.115502,0.106845,0.512775,0.042936,0.034828,0.152856,3.83,0.143085,24151.44
279,1905,0,0,heading_error,83.03,0.297869,0.264633,2.176182,0.108566,0.112117,0.558182,0.040658,0.038439,0.155815,3.83,0.159789,25909.49
280,1904,0,0,heading_error,82.97,0.280589,0.276449,2.126773,0.111480,0.108157,0.567466,0.041148,0.037651,0.152945,3.83,0.129350,26468.83
281,1905,0,0,heading_error,82.88,0.298061,0.323445,2.399712,0.112093,0.110445,0.548591,0.042222,0.037821,0.156084,3.83,0.121377,25763.47
282,1908,0,0,heading_error,82.82,0.325063,0.347801,2.411258,0.121012,0.119186,1.570000,0.044571,0.037221,0.153192,3.83,0.125344,23508.13
283,1,0,0,heading_error,15.91,0.541005,0.000000,0.541005,0.001993,0.000000,0.001993,0.000275,0.000000,0.000275,0.06,0.000000,-592.04
284,1906,0,0,heading_error,82.92,0.300453,0.325159,2.756383,0.118842,0.113697,0.595554,0.044128,0.037101,0.153122,3.83,0.127206,25252.06
285,1904,0,0,heading_error,82.74,0.335847,0.443613,2.810690,0.120084,0.118581,0.544426,0.043818,0.035885,0.161887,3.83,0.131188,25591.45
286,1902,0,0,heading_error,82.83,0.266263,0.263147,2.118817,0.109140,0.110145,1.570000,0.041838,0.036761,0.163769,3.83,0.130674,28611.08
287,1,0,0,heading_error,8.25,1.416582,0.000000,1.416582,0.001993,0.000000,0.001993,0.000419,0.000000,0.000419,0.06,0.000000,-592.34
288,1902,0,0,heading_error,82.85,0.297119,0.304911,2.291778,0.118506,0.106584,0.566326,0.043929,0.034658,0.156056,3.83,0.162825,26641.40
289,1905,0,0,heading_error,82.83,0.302045,0.339247,2.302168,0.118348,0.116154,1.570000,0.044815,0.034405,0.155551,3.82,0.152554,26819.34
290,1,0,0,heading_error,11.12,0.778663,0.000000,0.778663,1.570000,0.000000,1.570000,0.000257,0.000000,0.000257,0.06,0.000000,-592.32
291,1,0,0,heading_error,18.01,0.087956,0.000000,0.087956,0.001993,0.000000,0.001993,0.000133,0.000000,0.000133,0.06,0.000000,-592.13
292,1902,0,0,heading_error,82.81,0.274271,0.257143,2.251904,0.106268,0.105056,0.526942,0.041987,0.035376,0.154134,3.83,0.172379,29074.57
293,1901,0,0,heading_error,82.72,0.302606,0.365639,2.314637,0.113651,0.108464,0.537259,0.042917,0.034703,0.150348,3.83,0.139754,28326.65
294,1898,0,0,heading_error,82.73,0.269014,0.284708,4.496497,0.108644,0.102232,0.524743,0.042028,0.034179,0.148561,3.83,0.125748,29616.77
295,32,0,0,tilt_error,-16.00,4.273575,0.760204,4.621783,0.126523,0.111169,0.445199,0.161587,0.105421,0.373216,1.92,0.093543,-810.86
296,1896,0,0,heading_error,82.80,0.259676,0.240359,2.092213,0.107246,0.111697,1.570000,0.040253,0.035705,0.154451,3.83,0.085716,30215.57
297,1,0,0,heading_error,18.01,0.778663,0.000000,0.778663,1.570000,0.000000,1.570000,0.000325,0.000000,0.000325,0.06,0.000000,-591.93
298,1,0,0,heading_error,13.05,0.778663,0.000000,0.778663,1.570000,0.000000,1.570000,0.000095,0.000000,0.000095,0.06,0.000000,-592.25
299,1,0,0,heading_error,9.96,0.286885,0.000000,0.286885,0.001993,0.000000,0.001993,0.000224,0.000000,0.000224,0.06,0.000000,-592.37
300,1895,0,0,heading_error,82.83,0.259906,0.246624,2.129803,0.106434,0.109008,0.525768,0.040490,0.036304,0.160223,3.83,0.076177,30199.34
301,1896,0,0,heading_error,82.79,0.256392,0.250300,2.073817,0.105075,0.106752,0.532610,0.040630,0.036142,0.157807,3.83,0.085342,30366.32
302,1897,0,0,heading_error,82.83,0.253633,0.243678,2.120862,0.106357,0.106709,0.545279,0.040713,0.036087,0.152720,3.83,0.086936,30725.18
303,1896,0,0,heading_error,82.79,0.253650,0.258911,2.092462,0.107614,0.104002,0.556355,0.041367,0.035172,0.154751,3.83,0.086272,30571.21
304,1897,0,0,heading_error,82.72,0.258194,0.316308,2.123053,0.112401,0.109394,0.524633,0.041993,0.036045,0.157983,3.83,0.095558,30653.61
305,1897,0,0,heading_error,82.71,0.244673,0.276996,2.156256,0.111550,0.108893,1.570000,0.042043,0.035341,0.153811,3.83,0.097841,31051.98
306,1,0,0,heading_error,16.01,1.752723,0.000000,1.752723,0.001993,0.000000,0.001993,0.000269,0.000000,0.000269,0.06,0.000000,-592.05
307,1901,0,0,heading_error,82.71,0.275099,0.324708,2.079290,0.113674,0.106017,0.535316,0.043209,0.035370,0.155334,3.83,0.099968,29891.82
308,1901,0,0,heading_error,82.72,0.277236,0.347699,3.794829,0.112842,0.107057,0.509819,0.043295,0.035728,0.158661,3.83,0.084788,29813.26
309,1904,0,0,heading_error,82.70,0.318470,0.565766,3.927669,0.125422,0.130346,0.787928,0.043817,0.036782,0.154715,3.83,0.095942,29644.79
310,1894,0,0,heading_error,82.70,0.228120,0.277701,2.273002,0.105951,0.107551,0.547475,0.039976,0.036731,0.154521,3.83,0.097047,32093.14
311,1894,0,0,heading_error,82.73,0.239769,0.268516,2.122320,0.104933,0.106703,0.527870,0.040307,0.036969,0.156099,3.83,0.103566,31582.73
312,1899,0,0,heading_error,82.79,0.271810,0.348433,2.339633,0.108916,0.118060,1.570000,0.042320,0.036380,0.158647,3.83,0.098810,29380.87
313,1,0,0,heading_error,18.01,2.408641,0.000000,2.408641,0.001993,0.000000,0.001993,0.000296,0.000000,0.000296,0.06,0.000000,-591.92
314,1899,0,0,heading_error,82.78,0.289697,0.398178,2.501184,0.116775,0.114089,0.501297,0.042752,0.036917,0.158556,3.83,0.099440,29098.93
315,1898,0,0,heading_error,82.69,0.275117,0.316056,2.152966,0.108306,0.108699,0.574755,0.041752,0.036296,0.158495,3.83,0.108316,29728.43
316,1897,0,0,heading_error,82.76,0.255037,0.304257,2.822700,0.105230,0.111540,0.547695,0.041128,0.036938,0.160765,3.83,0.100541,30083.65
317,1902,0,0,heading_error,82.74,0.305522,0.430856,2.908049,0.115428,0.120334,0.553703,0.042870,0.036834,0.156059,3.83,0.097933,28952.39
318,1898,0,0,heading_error,82.72,0.254424,0.269541,2.114229,0.101106,0.110052,0.561000,0.040518,0.037049,0.157954,3.83,0.100062,30948.38
319,1904,0,0,heading_error,82.73,0.289491,0.342666,2.056817,0.111166,0.115357,1.570000,0.042801,0.036322,0.156424,3.83,0.105847,28548.22
320,1,0,0,heading_error,18.01,2.821933,0.000000,2.821933,0.001993,0.000000,0.001993,0.000252,0.000000,0.000252,0.06,0.000000,-591.90
321,1906,0,0,heading_error,82.72,0.319860,0.436519,2.900836,0.114964,0.118782,1.570000,0.043563,0.035542,0.149816,3.83,0.092448,28458.24
322,1,0,0,heading_error,16.70,0.778663,0.000000,0.778663,1.570000,0.000000,1.570000,0.000318,0.000000,0.000318,0.06,0.000000,-592.01
323,1,0,0,heading_error,8.03,0.778663,0.000000,0.778663,1.570000,0.000000,1.570000,0.000098,0.000000,0.000098,0.06,0.000000,-592.02
324,1,0,0,heading_error,9.51,2.551806,0.000000,2.551806,0.001993,0.000000,0.001993,0.000221,0.000000,0.000221,0.06,0.000000,-592.47
325,1904,0,0,heading_error,82.72,0.300665,0.423170,2.634930,0.112342,0.114878,0.533046,0.043548,0.035492,0.149881,3.83,0.102696,29039.87
326,1900,0,0,heading_error,82.74,0.276368,0.310993,2.100070,0.102543,0.103310,0.509753,0.041538,0.035135,0.152368,3.83,0.095051,28671.55
327,1897,0,0,heading_error,82.71,0.247650,0.255981,2.108105,0.098076,0.102348,0.518401,0.040602,0.035699,0.163000,3.83,0.090420,31606.51
328,1897,0,0,heading_error,82.78,0.248387,0.268962,3.259366,0.096908,0.104183,0.525353,0.040256,0.035416,0.161992,3.83,0.162508,30350.80
329,1906,0,0,heading_error,82.81,0.333984,0.480377,3.348446,0.114287,0.113946,0.550497,0.044027,0.032522,0.151964,3.83,0.124083,27782.61
330,1902,0,0,heading_error,82.87,0.286845,0.259948,2.195921,0.104913,0.096337,0.506387,0.042784,0.031684,0.148238,3.83,0.099622,28292.63
331,1902,0,0,heading_error,82.87,0.296771,0.275118,2.138093,0.100811,0.099851,0.507085,0.042732,0.032107,0.143427,3.83,0.090024,28202.37
332,1903,0,0,heading_error,82.85,0.298607,0.356785,2.237113,0.108928,0.109696,0.562793,0.042881,0.034389,0.152370,3.83,0.100646,26791.86
333,1901,0,0,heading_error,82.84,0.277902,0.273267,2.119322,0.102178,0.100001,0.503608,0.041956,0.033856,0.147062,3.83,0.117776,27816.92
334,1900,0,0,heading_error,82.83,0.257221,0.260404,2.038508,0.099503,0.103035,0.549301,0.041081,0.034786,0.149841,3.83,0.128905,29335.76
335,1902,0,0,heading_error,82.80,0.293710,0.318076,2.061489,0.106299,0.099761,0.499701,0.042933,0.032363,0.144768,3.83,0.146458,27977.64
336,1903,0,0,heading_error,82.81,0.292067,0.323288,4.496497,0.109499,0.101967,0.546160,0.043401,0.032392,0.142243,3.83,0.152355,28135.30
337,1911,0,0,heading_error,82.74,0.369418,0.652297,4.622567,0.123668,0.131522,0.908966,0.046120,0.032509,0.142609,3.83,0.139931,27311.03
338,1907,0,0,heading_error,82.76,0.333433,0.503397,3.499524,0.115524,0.112539,0.657088,0.044632,0.031323,0.140354,3.83,0.171506,27434.17
339,1899,0,0,heading_error,82.77,0.268697,0.279508,2.320515,0.105297,0.096260,0.499805,0.042460,0.031750,0.146767,3.83,0.163299,28992.77
340,1901,0,0,heading_error,82.80,0.284660,0.321833,2.374901,0.110474,0.098334,0.519995,0.043809,0.031040,0.143539,3.83,0.134186,28220.90
341,1898,0,0,heading_error,82.66,0.248699,0.293709,4.496497,0.104587,0.095664,0.518322,0.043394,0.031544,0.139840,3.83,0.086176,31178.33
342,1911,0,0,heading_error,82.67,0.343983,0.651812,4.626636,0.123855,0.136093,1.570000,0.046487,0.033001,0.148388,3.82,0.086901,29622.87
343,1,0,0,heading_error,9.51,3.747173,0.000000,3.747173,0.001993,0.000000,0.001993,0.000453,0.000000,0.000453,0.06,0.000000,-592.33
344,1908,0,0,heading_error,82.70,0.326704,0.571918,3.864990,0.117384,0.122221,0.720254,0.045686,0.032942,0.149384,3.82,0.083997,29241.09
345,1902,0,0,heading_error,82.67,0.299307,0.420763,2.703632,0.111092,0.105951,0.529121,0.044732,0.031491,0.155197,3.83,0.082278,29408.04
346,1898,0,0,heading_error,82.70,0.240709,0.267587,2.199240,0.106203,0.102458,1.570000,0.043209,0.031871,0.151220,3.83,0.082872,31768.59
347,1,0,0,heading_error,13.65,0.778663,0.000000,0.778663,1.570000,0.000000,1.570000,0.000456,0.000000,0.000456,0.06,0.000000,-592.17
348,1,0,0,heading_error,18.01,2.716410,0.000000,2.716410,0.001993,0.000000,0.001993,0.000020,0.000000,0.000020,0.06,0.000000,-592.29
349,1902,0,0,heading_error,82.70,0.304492,0.450309,4.496497,0.114941,0.105697,0.530674,0.045032,0.031040,0.152686,3.83,0.088099,29102.16
350,1909,0,0,heading_error,82.69,0.344210,0.661427,4.592717,0.121741,0.128132,0.821650,0.045967,0.032013,0.143653,3.83,0.088152,29368.79
351,1898,0,0,heading_error,82.74,0.248743,0.272282,2.153456,0.106078,0.094790,0.556572,0.043296,0.031383,0.147043,3.83,0.087106,30884.10
352,1896,0,0,heading_error,82.74,0.241492,0.263998,3.346400,0.098014,0.098141,0.528466,0.041520,0.032266,0.145951,3.83,0.091406,31640.47
353,1905,0,0,heading_error,82.73,0.329056,0.510714,3.457506,0.116305,0.114880,1.570000,0.044789,0.031687,0.149615,3.83,0.102862,27546.82
354,1,0,0,heading_error,8.30,1.837712,0.000000,1.837712,0.001993,0.000000,0.001993,0.000240,0.000000,0.000240,0.06,0.000000,-592.36
355,1901,0,0,heading_error,82.80,0.288312,0.332988,2.386224,0.112080,0.097017,0.495115,0.044205,0.030564,0.151595,3.83,0.088226,27919.36
356,1898,0,0,heading_error,82.78,0.258288,0.264021,2.114771,0.106106,0.101579,1.570000,0.043189,0.031368,0.153945,3.83,0.093742,29233.11
357,1,0,0,heading_error,10.35,1.264214,0.000000,1.264214,0.001993,0.000000,0.001993,0.000303,0.000000,0.000303,0.06,0.000000,-592.34
358,1899,0,0,heading_error,82.80,0.271373,0.296129,2.356130,0.109972,0.099454,0.527807,0.043803,0.031733,0.158960,3.83,0.139960,28467.92
359,1900,0,0,heading_error,82.74,0.270046,0.286561,2.132645,0.108032,0.099414,0.518638,0.043386,0.031843,0.157480,3.83,0.157540,28616.93
360,1899,0,0,heading_error,82.75,0.267367,0.292464,2.319436,0.109550,0.100141,0.544820,0.043515,0.031579,0.154829,3.83,0.171931,28808.61
361,1897,0,0,heading_error,82.70,0.231142,0.276497,2.358543,0.099369,0.103318,0.570840,0.042106,0.032289,0.156877,3.83,0.164273,31170.98
362,1897,0,0,heading_error,82.73,0.239216,0.277096,4.496497,0.100657,0.096290,0.508294,0.041805,0.032074,0.155464,3.83,0.149102,31159.57
363,1914,0,0,heading_error,82.72,0.349515,0.639195,4.615064,0.128341,0.137584,0.915910,0.047446,0.031523,0.150523,3.82,0.152811,28817.11
364,1900,0,0,heading_error,82.68,0.269221,0.339532,2.350346,0.111182,0.103058,0.527886,0.044290,0.031461,0.153221,3.83,0.117092,30338.93
365,1897,0,0,heading_error,82.66,0.240321,0.273805,2.337350,0.107206,0.098557,0.539008,0.043602,0.031429,0.153297,3.83,0.096123,31617.50
366,1898,0,0,heading_error,82.69,0.246935,0.268446,2.135882,0.106469,0.097700,0.513447,0.043263,0.031535,0.148433,3.83,0.097064,31100.62
367,1897,0,0,heading_error,82.76,0.235054,0.254174,2.155263,0.103526,0.095129,0.552119,0.042635,0.031307,0.144986,3.83,0.111781,31081.74
368,1898,0,0,heading_error,82.80,0.238204,0.259699,2.234002,0.104621,0.105686,1.570000,0.041973,0.032175,0.144657,3.83,0.108759,30678.73
369,1,0,0,heading_error,10.21,0.178448,0.000000,0.178448,0.001993,0.000000,0.001993,0.000217,0.000000,0.000217,0.06,0.000000,-592.32
370,1898,0,0,heading_error,82.76,0.239941,0.257689,2.155026,0.104579,0.098083,0.559587,0.042402,0.031734,0.147291,3.83,0.107784,31091.58
371,1899,0,0,heading_error,82.73,0.259104,0.275176,2.382554,0.108205,0.099046,0.545231,0.043409,0.030880,0.142874,3.83,0.114676,29274.83
372,1899,0,0,heading_error,82.74,0.268279,0.343182,2.360051,0.107808,0.105950,0.514747,0.043152,0.032284,0.144349,3.83,0.107880,29322.60
373,1898,0,0,heading_error,82.78,0.251705,0.268650,2.141053,0.105784,0.099418,0.533715,0.042496,0.032435,0.148156,3.83,0.131943,30163.09
374,1899,0,0,heading_error,82.71,0.269559,0.323303,2.393762,0.111111,0.102935,0.521650,0.043579,0.032024,0.150583,3.83,0.106543,29617.29
375,1896,0,0,heading_error,82.74,0.243242,0.270016,2.134301,0.106784,0.099865,0.538740,0.042353,0.032473,0.145618,3.83,0.105059,30835.89
376,1897,0,0,heading_error,82.67,0.239276,0.272241,2.150278,0.104990,0.101981,0.549763,0.042174,0.033256,0.157484,3.83,0.107825,30952.47
377,1898,0,0,heading_error,82.72,0.234975,0.270690,2.183860,0.105442,0.104738,0.560291,0.041891,0.034107,0.158008,3.83,0.112109,31550.07
378,1897,0,0,heading_error,82.70,0.254718,0.303057,2.330465,0.106620,0.098134,0.478515,0.042139,0.033165,0.156439,3.83,0.105070,30256.64
379,1896,0,0,heading_error,82.66,0.230633,0.275907,2.282247,0.104164,0.104872,0.553862,0.041538,0.034089,0.160281,3.83,0.102259,32247.41
380,1897,0,0,heading_error,82.68,0.250262,0.298789,2.281772,0.106638,0.102611,0.489572,0.042292,0.034222,0.157955,3.83,0.096609,30660.76
381,1897,0,0,heading_error,82.66,0.260655,0.313092,2.385153,0.111547,0.104983,0.520101,0.043249,0.033102,0.158572,3.83,0.105479,30189.39
382,1898,0,0,heading_error,82.65,0.260047,0.314220,2.421670,0.114546,0.102151,0.533550,0.044627,0.031925,0.160151,3.83,0.091237,30402.55
383,1896,0,0,heading_error,82.67,0.237444,0.266983,2.125512,0.108006,0.110089,1.570000,0.042564,0.033143,0.162315,3.83,0.092648,31564.10
384,1,0,0,heading_error,11.28,1.816410,0.000000,1.816410,0.001993,0.000000,0.001993,0.000243,0.000000,0.000243,0.06,0.000000,-592.29
385,1899,0,0,heading_error,82.66,0.273831,0.360648,3.578767,0.113903,0.108151,0.557647,0.044827,0.032317,0.158400,3.83,0.085818,30207.85
386,1907,0,0,heading_error,82.64,0.306135,0.526475,3.697705,0.118677,0.128379,0.772449,0.045799,0.033652,0.154918,3.83,0.100285,29873.04
387,1897,0,0,heading_error,82.66,0.242914,0.269255,2.122368,0.107806,0.100236,0.555616,0.043332,0.031806,0.152652,3.83,0.099886,31429.98
388,1899,0,0,heading_error,82.66,0.258622,0.286563,2.201963,0.108257,0.097777,0.525169,0.042883,0.031282,0.156530,3.83,0.113354,30004.73
389,1900,0,0,heading_error,82.68,0.276986,0.352997,2.252496,0.110970,0.104677,0.509336,0.044172,0.033209,0.161620,3.83,0.119699,29866.36
390,1897,0,0,heading_error,82.66,0.264860,0.335900,2.395800,0.110140,0.110453,1.570000,0.042662,0.033880,0.159642,3.83,0.122944,30427.47
391,1,0,0,heading_error,9.89,0.778663,0.000000,0.778663,1.570000,0.000000,1.570000,0.000299,0.000000,0.000299,0.06,0.000000,-592.36
392,1,0,0,heading_error,12.70,1.187308,0.000000,1.187308,0.001993,0.000000,0.001993,0.000110,0.000000,0.000110,0.06,0.000000,-592.39
393,1897,0,0,heading_error,82.66,0.255679,0.306633,2.362777,0.110494,0.105173,0.547692,0.043474,0.033379,0.160985,3.83,0.095720,30543.22
394,1896,0,0,heading_error,82.67,0.252398,0.298219,2.383940,0.105751,0.104463,1.570000,0.042262,0.033514,0.157239,3.83,0.108068,31061.38
395,1,0,0,heading_error,11.73,0.259129,0.000000,0.259129,0.001993,0.000000,0.001993,0.000353,0.000000,0.000353,0.06,0.000000,-592.28
396,1896,0,0,heading_error,82.65,0.273916,0.333424,2.268667,0.115036,0.129807,1.570000,0.043821,0.036799,0.178717,3.83,0.106625,29394.38
397,1,0,0,heading_error,9.83,0.170711,0.000000,0.170711,0.001993,0.000000,0.001993,0.000190,0.000000,0.000190,0.06,0.000000,-592.38
398,1898,0,0,heading_error,82.66,0.243823,0.264034,2.180614,0.100770,0.098276,0.510935,0.041581,0.031391,0.140837,3.83,0.113554,31814.17
399,11,0,0,heading_error,7.84,1.870406,0.319160,1.999669,0.019932,0.018454,0.054594,0.015325,0.013613,0.041282,0.88,0.048471,-514.50
400,1901,0,0,heading_error,82.70,0.264292,0.291720,2.368042,0.108156,0.097608,0.552474,0.042818,0.031320,0.143754,3.83,0.133975,29852.09
401,1899,0,0,heading_error,82.67,0.258600,0.291630,2.414196,0.108155,0.101059,0.511662,0.042300,0.032200,0.143648,3.83,0.114071,30424.16
402,1899,0,0,heading_error,82.69,0.253625,0.280483,2.162737,0.102741,0.101946,0.530255,0.041753,0.032827,0.143609,3.83,0.103457,31097.12
403,1900,0,0,heading_error,82.66,0.264388,0.308579,2.183575,0.108618,0.100267,0.510649,0.043181,0.032080,0.144357,3.83,0.103684,30233.03
404,1899,0,0,heading_error,82.67,0.246748,0.307299,2.330906,0.103907,0.100522,0.504189,0.042311,0.032832,0.140226,3.83,0.091539,30782.46
405,1899,0,0,heading_error,82.66,0.249089,0.300840,3.404440,0.107255,0.103579,0.530630,0.042975,0.033738,0.151736,3.83,0.094572,31076.57
406,1905,0,0,heading_error,82.69,0.304202,0.509490,3.528976,0.119780,0.125154,1.570000,0.044804,0.034174,0.151083,3.83,0.090316,30298.63
407,1,0,0,heading_error,9.02,1.508915,0.000000,1.508915,0.001993,0.000000,0.001993,0.000231,0.000000,0.000231,0.06,0.000000,-592.36
408,1899,0,0,heading_error,82.67,0.256739,0.325707,2.381811,0.110002,0.101829,0.512734,0.043472,0.033107,0.147471,3.83,0.089034,30676.66
409,1898,0,0,heading_error,82.66,0.246545,0.298247,2.382894,0.104805,0.095196,0.481992,0.042182,0.032653,0.148947,3.83,0.084949,31096.83
410,1897,0,0,heading_error,82.66,0.240706,0.275119,2.207568,0.104572,0.105841,1.570000,0.042287,0.033663,0.147515,3.83,0.081585,31598.51
411,1,0,0,heading_error,15.16,3.074407,0.000000,3.074407,0.001993,0.000000,0.001993,0.000204,0.000000,0.000204,0.06,0.000000,-592.10
412,1904,0,0,heading_error,82.66,0.295292,0.474185,3.182889,0.116310,0.115141,0.659376,0.044463,0.033837,0.149098,3.83,0.096283,30185.74
413,1901,0,0,heading_error,82.66,0.267554,0.332343,2.105924,0.111354,0.102500,0.532655,0.044194,0.032847,0.148341,3.83,0.102133,30335.40
414,1897,0,0,heading_error,82.70,0.246896,0.281164,2.149630,0.103949,0.106260,1.570000,0.042154,0.033465,0.151370,3.83,0.090640,31375.78
415,1,0,0,heading_error,15.50,0.777560,0.000000,0.777560,0.001993,0.000000,0.001993,0.000231,0.000000,0.000231,0.06,0.000000,-592.08
416,1897,0,0,heading_error,82.64,0.244394,0.280789,2.131886,0.101768,0.099874,0.525640,0.042567,0.032674,0.153258,3.83,0.078121,31623.91
417,1900,0,0,heading_error,82.69,0.268431,0.322047,2.187590,0.110408,0.101844,0.517965,0.043711,0.032735,0.146957,3.83,0.117773,30142.98
418,1896,0,0,heading_error,82.65,0.241976,0.263389,2.202296,0.102465,0.095696,0.519116,0.042388,0.031548,0.145633,3.83,0.096413,32049.30
419,1898,0,0,heading_error,82.73,0.252595,0.299837,2.322396,0.104656,0.098077,0.515401,0.042546,0.032250,0.150376,3.83,0.131566,30528.88
420,1898,0,0,heading_error,82.68,0.243778,0.265495,2.217027,0.102183,0.099715,0.513979,0.042150,0.032915,0.152555,3.83,0.138465,31898.97
421,1896,0,0,heading_error,82.67,0.228825,0.256719,2.170800,0.100404,0.096025,0.513699,0.041900,0.032071,0.153600,3.83,0.131393,32867.00
422,1897,0,0,heading_error,82.70,0.238655,0.283768,2.387573,0.103048,0.097717,0.494361,0.041802,0.032739,0.151208,3.83,0.148852,32529.76
423,1900,0,0,heading_error,82.69,0.263463,0.300852,2.139943,0.107299,0.097417,0.532078,0.043856,0.030807,0.147579,3.83,0.137993,30875.92
424,1898,0,0,heading_error,82.68,0.268645,0.325235,2.370741,0.110811,0.100777,1.570000,0.043850,0.030931,0.147064,3.83,0.130799,30462.36
425,1,0,0,heading_error,11.42,0.570035,0.000000,0.570035,0.001993,0.000000,0.001993,0.000285,0.000000,0.000285,0.06,0.000000,-592.31
426,1897,0,0,heading_error,82.68,0.247767,0.276080,2.439959,0.105119,0.098376,0.524870,0.042393,0.031667,0.150941,3.83,0.139884,31432.37
427,1897,0,0,heading_error,82.69,0.242767,0.271639,2.226717,0.105644,0.097905,0.504732,0.042594,0.032332,0.152823,3.83,0.133403,31483.67
428,1897,0,0,heading_error,82.68,0.227460,0.281929,2.343011,0.102708,0.108484,1.570000,0.041496,0.033094,0.151428,3.83,0.130079,32206.68
429,1,0,0,heading_error,18.01,3.452252,0.000000,3.452252,0.001993,0.000000,0.001993,0.000246,0.000000,0.000246,0.06,0.000000,-591.91
430,1904,0,0,heading_error,82.66,0.307728,0.508106,3.574430,0.118272,0.123716,1.570000,0.044926,0.033007,0.151950,3.83,0.132352,30384.87
431,1,0,0,heading_error,17.22,0.510681,0.000000,0.510681,0.001993,0.000000,0.001993,0.000324,0.000000,0.000324,0.06,0.000000,-591.98
432,1898,0,0,heading_error,82.70,0.245411,0.274698,2.261677,0.107416,0.104059,1.570000,0.042710,0.032321,0.151825,3.83,0.133347,31403.45
433,1,0,0,heading_error,9.76,0.778663,0.000000,0.778663,1.570000,0.000000,1.570000,0.000331,0.000000,0.000331,0.06,0.000000,-592.37
434,1,0,0,heading_error,8.87,1.425941,0.000000,1.425941,0.001993,0.000000,0.001993,0.000092,0.000000,0.000092,0.06,0.000000,-592.51
435,1898,0,0,heading_error,82.65,0.251157,0.324845,2.373834,0.106894,0.103748,0.508820,0.042622,0.033975,0.155230,3.83,0.124616,31006.70
436,1899,0,0,heading_error,82.67,0.262752,0.295594,2.152068,0.112209,0.100385,0.536413,0.044145,0.031558,0.152030,3.83,0.131791,30229.64
437,1898,0,0,heading_error,82.69,0.257631,0.311583,2.160962,0.110203,0.103018,0.531818,0.043342,0.032908,0.152011,3.83,0.135847,31105.86
438,1896,0,0,heading_error,82.65,0.222126,0.284899,2.370504,0.103844,0.106088,0.526177,0.041771,0.033929,0.151769,3.83,0.120112,32649.36
439,1899,0,0,heading_error,82.66,0.263363,0.363355,4.496497,0.108737,0.105323,0.533771,0.043476,0.032482,0.152362,3.83,0.119288,30893.03
440,1909,0,0,heading_error,82.67,0.338020,0.648827,4.624665,0.123235,0.135084,0.801143,0.045464,0.034298,0.149743,3.83,0.136937,30070.27
441,1899,0,0,heading_error,82.69,0.264008,0.311007,2.141107,0.110967,0.097171,0.504109,0.044293,0.030665,0.150164,3.83,0.120207,30666.58
442,1898,0,0,heading_error,82.68,0.262272,0.306286,2.174704,0.112567,0.103008,0.523141,0.044037,0.032454,0.150287,3.83,0.129867,30313.55
443,1898,0,0,heading_error,82.67,0.242642,0.294978,2.362198,0.104649,0.098607,0.508823,0.042646,0.031438,0.153921,3.83,0.116426,31506.26
444,1899,0,0,heading_error,82.68,0.262721,0.320008,2.202978,0.109863,0.105389,1.570000,0.043717,0.030874,0.150743,3.83,0.124295,31111.59
445,1,0,0,heading_error,16.48,0.190738,0.000000,0.190738,0.001993,0.000000,0.001993,0.000243,0.000000,0.000243,0.06,0.000000,-592.01
446,1898,0,0,heading_error,82.67,0.235635,0.260811,2.112505,0.107146,0.094552,0.529076,0.043547,0.030346,0.151709,3.83,0.119589,32465.78
447,1901,0,0,heading_error,82.66,0.278711,0.330694,2.462026,0.115407,0.099416,0.515339,0.044806,0.030005,0.148680,3.83,0.152370,29318.95
448,1899,0,0,heading_error,82.66,0.250844,0.277375,2.189794,0.103886,0.103279,1.570000,0.041703,0.031656,0.148305,3.83,0.129285,30559.53
449,1,0,0,heading_error,11.47,2.515861,0.000000,2.515861,0.001993,0.000000,0.001993,0.000551,0.000000,0.000551,0.06,0.000000,-592.31
450,1902,0,0,heading_error,82.66,0.287823,0.405954,2.610701,0.115040,0.113562,0.530894,0.043894,0.033431,0.152078,3.83,0.113345,29932.41
451,1901,0,0,heading_error,82.68,0.262758,0.311524,2.326683,0.115887,0.111093,1.570000,0.043920,0.033273,0.148188,3.83,0.105717,29731.96
452,1,0,0,heading_error,17.37,0.088943,0.000000,0.088943,0.001993,0.000000,0.001993,0.000444,0.000000,0.000444,0.06,0.000000,-591.94
453,1898,0,0,heading_error,82.66,0.226463,0.288454,2.383464,0.107289,0.112646,0.554492,0.042165,0.037693,0.155586,3.83,0.111494,31870.48
454,1902,0,0,heading_error,82.70,0.265226,0.360975,2.365207,0.113341,0.114922,0.511548,0.043747,0.037474,0.157346,3.83,0.103773,30282.16
455,1901,0,0,heading_error,82.66,0.256734,0.311697,3.352792,0.113161,0.103988,0.554471,0.044591,0.033947,0.152155,3.83,0.106619,30168.52
456,1908,0,0,heading_error,82.69,0.313539,0.507392,3.470179,0.118935,0.125760,1.570000,0.045166,0.034438,0.146820,3.82,0.090293,29014.63
457,1,0,0,heading_error,14.89,0.778663,0.000000,0.778663,1.570000,0.000000,1.570000,0.000109,0.000000,0.000109,0.06,0.000000,-592.14
458,1,0,0,heading_error,9.12,1.693414,0.000000,1.693414,0.001993,0.000000,0.001993,0.000215,0.000000,0.000215,0.06,0.000000,-592.20
459,1902,0,0,heading_error,82.69,0.265967,0.343482,2.415065,0.112321,0.104990,0.489123,0.044413,0.033242,0.147564,3.82,0.095196,30051.26
460,1899,0,0,heading_error,82.70,0.230706,0.282518,2.351979,0.103316,0.106842,0.534973,0.042121,0.033262,0.145273,3.83,0.086930,32298.27
461,1899,0,0,heading_error,82.68,0.255976,0.274242,2.257231,0.107306,0.101319,1.570000,0.043454,0.030935,0.138651,3.83,0.107177,31017.16
462,1,0,0,heading_error,17.50,1.573197,0.000000,1.573197,0.001993,0.000000,0.001993,0.000688,0.000000,0.000688,0.06,0.000000,-591.96
463,1902,0,0,heading_error,82.68,0.266518,0.323782,2.290302,0.110783,0.106034,0.560051,0.044204,0.032870,0.148146,3.83,0.108378,30373.15
464,1902,0,0,heading_error,82.70,0.264961,0.303782,2.123219,0.111535,0.103514,0.546378,0.044780,0.032076,0.149154,3.83,0.101660,30305.18
465,1901,0,0,heading_error,82.67,0.259313,0.309119,2.105437,0.110786,0.103776,0.543987,0.043994,0.031913,0.146374,3.83,0.114064,30622.78
466,1902,0,0,heading_error,82.66,0.259929,0.320375,2.118307,0.113713,0.110887,1.570000,0.044550,0.032552,0.149402,3.82,0.105416,30601.32
467,1,0,0,heading_error,10.41,0.417638,0.000000,0.417638,0.001993,0.000000,0.001993,0.000296,0.000000,0.000296,0.06,0.000000,-592.37
468,1900,0,0,heading_error,82.68,0.240078,0.269149,3.121209,0.105408,0.101470,0.540617,0.042663,0.033019,0.148208,3.83,0.115421,31957.02
469,1907,0,0,heading_error,82.67,0.297924,0.476167,4.477748,0.118040,0.118789,0.634676,0.045612,0.033792,0.149737,3.82,0.100526,30228.44
470,1913,0,0,heading_error,82.70,0.344041,0.649644,4.605789,0.125540,0.134606,0.849629,0.046484,0.034479,0.147918,3.82,0.114076,29574.63
471,1910,0,0,heading_error,82.73,0.318909,0.554668,3.891214,0.124899,0.128234,0.736181,0.046694,0.033954,0.156261,3.82,0.117044,29284.99
472,1905,0,0,heading_error,82.68,0.294004,0.451489,3.011059,0.117062,0.114814,0.550126,0.045156,0.033799,0.152510,3.82,0.114287,30189.06
473,1903,0,0,heading_error,82.68,0.259365,0.326653,4.496497,0.113191,0.108888,0.536508,0.044762,0.034371,0.153673,3.82,0.115084,30609.79
474,1914,0,0,heading_error,82.68,0.337106,0.654792,4.631521,0.125687,0.141481,0.896913,0.046348,0.036331,0.156595,3.82,0.109311,29540.58
475,1907,0,0,heading_error,82.67,0.300872,0.470372,3.252427,0.123475,0.118406,0.585540,0.046811,0.034606,0.153450,3.82,0.120556,29504.68
476,1901,0,0,heading_error,82.66,0.239302,0.275760,2.219585,0.113167,0.108784,0.562801,0.044386,0.035195,0.155565,3.83,0.126972,31175.78
477,1900,0,0,heading_error,82.72,0.246432,0.272546,2.162103,0.113512,0.104369,0.556665,0.044488,0.033765,0.154067,3.83,0.121633,30469.51
478,1901,0,0,heading_error,82.73,0.242794,0.285962,2.276414,0.112651,0.108846,0.567850,0.044162,0.034496,0.154776,3.83,0.121681,31138.04
479,1905,0,0,heading_error,82.71,0.279319,0.348217,2.149901,0.122289,0.111599,0.542832,0.046788,0.034641,0.154619,3.82,0.127165,29145.94
480,1902,0,0,heading_error,82.67,0.258061,0.297649,2.452115,0.116468,0.110339,1.570000,0.045040,0.034207,0.156755,3.83,0.140063,29911.92
481,1,0,0,heading_error,11.81,0.096021,0.000000,0.096021,0.001993,0.000000,0.001993,0.000261,0.000000,0.000261,0.06,0.000000,-592.27
482,1899,0,0,heading_error,82.66,0.235098,0.282091,3.654380,0.109035,0.112143,0.537557,0.043142,0.036198,0.154168,3.83,0.119667,31850.11
483,1909,0,0,heading_error,82.70,0.319704,0.543800,4.496497,0.128575,0.132747,0.702330,0.046024,0.036543,0.160131,3.82,0.139366,29106.30
484,1914,0,0,heading_error,82.67,0.338294,0.647372,4.631546,0.129447,0.141741,0.926803,0.046745,0.036766,0.161551,3.82,0.129074,29324.10
485,1903,0,0,heading_error,82.71,0.271532,0.335293,2.454768,0.117848,0.119084,1.570000,0.044936,0.035595,0.159144,3.82,0.148280,29457.89
486,1,0,0,heading_error,11.45,3.487715,0.000000,3.487715,0.001993,0.000000,0.001993,0.000205,0.000000,0.000205,0.06,0.000000,-592.29
487,1908,0,0,heading_error,82.72,0.307450,0.511883,3.618132,0.125478,0.129676,1.570000,0.046098,0.035634,0.158751,3.82,0.138943,29541.30
488,1,0,0,heading_error,10.09,1.690944,0.000000,1.690944,0.001993,0.000000,0.001993,0.000447,0.000000,0.000447,0.06,0.000000,-592.31
489,1901,0,0,heading_error,82.65,0.263754,0.338044,2.240839,0.118322,0.115257,0.566853,0.044896,0.036135,0.156573,3.83,0.133723,29629.66
490,1898,0,0,heading_error,82.73,0.236706,0.275675,2.122459,0.108313,0.104363,0.546899,0.043182,0.035259,0.155259,3.83,0.130716,31096.86
491,1902,0,0,heading_error,82.69,0.264090,0.318052,2.365374,0.116356,0.110855,0.589552,0.044968,0.034045,0.156942,3.83,0.136357,29656.31
492,1902,0,0,heading_error,82.66,0.266573,0.346922,2.173399,0.117113,0.110693,0.510436,0.045122,0.034903,0.160141,3.83,0.131763,30413.88
493,1897,0,0,heading_error,82.67,0.235158,0.294223,2.458860,0.107676,0.105423,0.510954,0.042776,0.034519,0.158592,3.83,0.128512,32164.43
494,1899,0,0,heading_error,82.66,0.260028,0.323888,2.409446,0.115732,0.110157,0.576136,0.044197,0.032939,0.155182,3.83,0.126088,30382.97
495,1899,0,0,heading_error,82.64,0.273033,0.368414,2.369868,0.114115,0.121682,1.570000,0.043319,0.035121,0.154254,3.83,0.120972,30419.69
496,1,0,0,heading_error,8.31,1.277848,0.000000,1.277848,0.001993,0.000000,0.001993,0.000251,0.000000,0.000251,0.06,0.000000,-592.41
497,1898,0,0,heading_error,82.67,0.255051,0.317970,4.229479,0.110825,0.108985,0.526629,0.043328,0.034709,0.156285,3.83,0.117600,30534.78
498,1910,0,0,heading_error,82.69,0.342438,0.622706,4.357293,0.128656,0.130974,0.868230,0.047044,0.032648,0.150267,3.82,0.118143,28963.18
499,1902,0,0,heading_error,82.67,0.286281,0.429796,2.843813,0.114451,0.114142,0.604157,0.044098,0.034500,0.155682,3.83,0.116737,30468.89
500,1897,0,0,heading_error,82.77,0.241194,0.262544,2.268402,0.104555,0.106488,1.570000,0.041702,0.033327,0.155949,3.83,0.229001,30856.20
501,1,0,0,heading_error,16.11,0.914605,0.000000,0.914605,0.001993,0.000000,0.001993,0.000346,0.000000,0.000346,0.06,0.000000,-592.03
502,1899,0,0,heading_error,82.82,0.263144,0.264776,2.128568,0.106699,0.098416,0.525829,0.042564,0.032537,0.155252,3.83,0.187822,29541.56
503,1900,0,0,heading_error,82.88,0.273754,0.289700,2.651294,0.108839,0.100384,0.510986,0.042937,0.032104,0.148063,3.83,0.221467,28656.47
504,1906,0,0,heading_error,82.80,0.299228,0.404220,2.747934,0.116197,0.109243,0.617883,0.045068,0.033066,0.155429,3.83,0.191680,28314.10
505,1904,0,0,heading_error,82.76,0.282820,0.337743,2.409238,0.112529,0.108304,0.536969,0.044243,0.032704,0.153683,3.83,0.170721,28325.87
506,1902,0,0,heading_error,82.82,0.275377,0.327556,4.496497,0.110664,0.104857,0.561948,0.043643,0.033301,0.156694,3.83,0.199543,28407.40
507,1914,0,0,heading_error,82.79,0.365879,0.646381,4.631022,0.125430,0.134632,0.912998,0.046025,0.033319,0.151751,3.83,0.235218,27110.81
508,1904,0,0,heading_error,82.88,0.295009,0.387500,2.537542,0.116157,0.115900,1.570000,0.044157,0.033779,0.151400,3.83,0.193899,28147.68
509,1,0,0,heading_error,11.81,0.907697,0.000000,0.907697,0.001993,0.000000,0.001993,0.000249,0.000000,0.000249,0.06,0.000000,-592.27
510,1901,0,0,heading_error,82.78,0.278436,0.308056,4.292253,0.111538,0.097668,0.512554,0.043410,0.032318,0.157131,3.83,0.183789,27968.32
511,1913,0,0,heading_error,82.75,0.352141,0.619381,4.420483,0.127474,0.132078,0.927090,0.046384,0.033816,0.155339,3.82,0.168980,27064.56
512,1908,0,0,heading_error,82.76,0.317600,0.463287,3.241417,0.119650,0.116400,0.671087,0.045457,0.032731,0.155301,3.83,0.195646,27234.96
513,1900,0,0,heading_error,82.78,0.274917,0.297526,2.457826,0.110958,0.096687,0.491401,0.043747,0.031936,0.152454,3.83,0.198823,27908.00
514,1901,0,0,heading_error,82.75,0.251755,0.270085,2.370945,0.107085,0.103070,0.562072,0.042778,0.033269,0.158203,3.83,0.203311,29752.96
515,1903,0,0,heading_error,82.74,0.282933,0.327948,2.413919,0.113782,0.104507,0.521189,0.044626,0.032393,0.156128,3.83,0.202689,27712.50
516,1903,0,0,heading_error,82.77,0.286354,0.372727,2.346310,0.112215,0.110050,1.570000,0.043957,0.033316,0.153952,3.83,0.217564,28729.70
517,1,0,0,heading_error,12.28,0.778663,0.000000,0.778663,1.570000,0.000000,1.570000,0.000223,0.000000,0.000223,0.06,0.000000,-592.25
518,1,0,0,heading_error,11.27,0.778663,0.000000,0.778663,1.570000,0.000000,1.570000,0.000152,0.000000,0.000152,0.06,0.000000,-592.50
519,1,0,0,heading_error,11.54,1.650681,0.000000,1.650681,0.001993,0.000000,0.001993,0.000191,0.000000,0.000191,0.06,0.000000,-592.54
520,1903,0,0,heading_error,82.76,0.276988,0.331363,2.420435,0.111248,0.103377,0.513661,0.043657,0.032647,0.156193,3.83,0.219706,28457.61
521,1901,0,0,heading_error,82.72,0.269581,0.319274,2.451491,0.111840,0.105267,0.517803,0.044008,0.033322,0.157085,3.83,0.206649,29476.42
522,1902,0,0,heading_error,82.72,0.267079,0.308198,2.397700,0.111437,0.101544,0.500994,0.044186,0.033295,0.157748,3.83,0.212894,29163.51
523,1902,0,0,heading_error,82.77,0.263872,0.299391,2.373548,0.113930,0.102970,0.508222,0.044401,0.033301,0.155750,3.83,0.215655,28777.35
524,1904,0,0,heading_error,82.79,0.280370,0.325864,3.892317,0.115984,0.103907,0.506310,0.044756,0.033586,0.153347,3.83,0.163661,28002.94
525,1914,0,0,heading_error,82.83,0.341462,0.557659,4.005064,0.127088,0.131482,0.898086,0.046794,0.034387,0.157808,3.82,0.158618,27566.64
526,1900,0,0,heading_error,82.76,0.250159,0.275061,3.895781,0.110453,0.100738,0.554488,0.043654,0.033254,0.156811,3.83,0.132745,29778.58
527,1912,0,0,heading_error,82.84,0.334811,0.559378,4.015746,0.128010,0.130112,0.844892,0.046475,0.034548,0.157144,3.82,0.148993,27913.54
528,1900,0,0,heading_error,82.76,0.245639,0.261460,2.193190,0.110159,0.101704,0.553923,0.043824,0.032571,0.158257,3.83,0.148751,29874.82
529,1899,0,0,heading_error,82.79,0.244155,0.267989,2.293380,0.107978,0.101703,0.546287,0.042679,0.033224,0.155199,3.83,0.136799,30080.04
530,1901,0,0,heading_error,82.80,0.259576,0.277272,2.256733,0.109782,0.102149,0.548985,0.043700,0.032687,0.160590,3.83,0.137870,29418.00
531,1902,0,0,heading_error,82.70,0.263184,0.317711,2.825556,0.114873,0.107193,0.532286,0.044928,0.032929,0.163482,3.83,0.156460,29792.55
532,1906,0,0,heading_error,82.70,0.296447,0.438424,2.920478,0.118734,0.116062,0.699452,0.045089,0.033530,0.157455,3.83,0.186046,29188.47
